id,question,governing_source,why_finra_rules_dont_answer,keep
H4-01,"How soon after a client signs an advisory contract must a registered investment adviser deliver its Form ADV Part 2A brochure?",Advisers Act Rule 204-3,"FINRA rules govern broker-dealers; adviser brochure delivery is an SEC Advisers Act rule.",
H4-02,"When does an investment adviser with custody of client funds need a surprise examination by an independent accountant?",Advisers Act Rule 206(4)-2 (custody rule),"FINRA's customer-protection rules apply to member firms, not to advisers' custody of client assets.",
H4-03,"Can a registered investment adviser use client testimonials in its advertising, and what disclosures go with them?",Advisers Act Rule 206(4)-1 (marketing rule),"FINRA Rule 2210 covers broker-dealer communications; adviser advertising is under the SEC marketing rule.",
H4-04,"Within how many days must a broker-dealer notify customers whose sensitive information was accessed without authorization?",Regulation S-P as amended in 2024 (Rule 248.30),"The notice requirement is in the SEC's Regulation S-P; no FINRA rule sets a customer breach-notice deadline.",
H4-05,"What must a firm's written identity theft prevention program include to detect red flags on covered accounts?",Regulation S-ID (17 CFR 248.201),"Red-flags programs are required by the SEC's Regulation S-ID.",
H4-06,"How long must a corporate officer wait after adopting a Rule 10b5-1 trading plan before the first trade under it?",Exchange Act Rule 10b5-1(c)(1)(ii)(B) cooling-off period,"Issuer insiders' trading plans are an SEC insider-trading rule, not a FINRA conduct rule.",
H4-07,"If a director buys and sells the company's stock within six months, can the company recover the profit?",Exchange Act Section 16(b),"Short-swing profit recovery is a statutory claim by the issuer under the Exchange Act.",
H4-08,"What is the deadline for a company director to file a Form 4 after buying the company's shares?",Exchange Act Section 16(a) and Rule 16a-3,"Form 4 is an SEC beneficial-ownership filing by insiders.",
H4-09,"How many business days does an investor have to file a Schedule 13D after acquiring more than 5% of a public company's voting stock?",Exchange Act Section 13(d) and Rule 13d-1 as amended in 2023,"Beneficial-ownership reporting is an SEC requirement on investors.",
H4-10,"May a public company's CFO give an analyst earnings guidance in a private call before announcing it publicly?",Regulation FD,"Selective disclosure by issuers is governed by the SEC's Regulation FD.",
H4-11,"How long must a non-affiliate hold restricted stock of an SEC-reporting company before reselling it under Rule 144?",Securities Act Rule 144(d),"Resale holding periods are set by the SEC's Rule 144.",
H4-12,"What steps must an issuer take to verify that purchasers are accredited investors in a Rule 506(c) offering?",Regulation D Rule 506(c),"FINRA Rule 5123 requires member firms to file offering documents; verification of accredited status is an SEC issuer requirement.",
H4-13,"What annual income does an individual need to qualify as an accredited investor?",Regulation D Rule 501(a),"The accredited-investor definition is in the SEC's Regulation D.",
H4-14,"What share of a money market fund's assets must be in weekly liquid assets?",Investment Company Act Rule 2a-7,"Money market fund portfolio requirements are SEC Investment Company Act rules.",
H4-15,"What percentage of collected sanctions can an SEC whistleblower receive as an award?",Exchange Act Section 21F and the SEC whistleblower rules,"The whistleblower program is run by the SEC under Dodd-Frank.",
H4-16,"What must a CEO certify about the company's internal controls in each quarterly report?",Sarbanes-Oxley Act Section 302 and Exchange Act Rule 13a-14,"Officer certifications of periodic reports are SEC and Sarbanes-Oxley requirements on issuers.",
H4-17,"What is the maximum amount a company can raise in 12 months in a Tier 2 Regulation A offering?",Securities Act Regulation A (Rule 251),"Offering limits for Regulation A are set by the SEC.",
H4-18,"Is a non-compete agreement in a financial advisor's employment contract enforceable in California?",California Business and Professions Code Section 16600,"Enforceability of employment covenants is state contract law.",
H4-19,"Does the New York Attorney General have to prove intent to defraud to win a securities fraud case under the Martin Act?",New York General Business Law Article 23-A (Martin Act),"The Martin Act is New York state law enforced by the state Attorney General.",
H4-20,"What duties do Delaware corporate directors owe shareholders when they agree to sell the company for cash?",Delaware corporate law (Revlon v. MacAndrews & Forbes),"Directors' fiduciary duties in a sale of control come from Delaware case law.",
